L1,R1
Wnt3,Egfr
Wnt3,Fzd2
Wnt3,Lrp5
Wnt3,Fzd1
Wnt3,Fzd3
Wnt3,Lrp6
Wnt3,Fzd5
Wnt9a,Egfr
Wnt9a,Fzd4
Ccl2,Ccr4
Ccl2,Ackr2
Cdh1,Egfr
Cdh1,Ptprj
Cdh1,Igf1r
Efnb2,Ephb2
Efnb2,Ephb3
Efnb2,Epha7
Efnb2,Ephb1
Sost,Lrp6
Sost,Lrp5
Col1a1,Itgb1
Col1a1,Cd44
Tgfb1,Tgfbr3
Shh,Cdon
Shh,Ptch1
Shh,Hhip
Shh,Cav1
Lamb1,Itgb1
Tgfb3,Tgfbr1
Tgfb3,Tgfbr3
Tgfb3,Tgfbr2
Gdf15,Egfr
Gdf15,Tgfbr1
Gdf15,Ret
Gdf15,Tgfbr2
Pgf,Nrp1
Pgf,Nrp2
Pgf,Egfr
App,Lrp4
App,Casr
App,Notch2
App,Gpr3
App,Fpr2
App,Adra2a
App,Notch1
App,Lrp6
App,Cav1
App,Drd3
Trh,Trhr
Bmp7,Acvr2b
Bmp7,Acvr2a
Bmp7,Bmpr2
Bmp7,Bmpr1a
Rarres2,Ccrl2
Wnt3a,Fzd2
Wnt3a,Fzd3
Wnt3a,Lrp5
Wnt3a,Fzd1
Wnt3a,Lrp6
Wnt3a,Fzd5
Wnt3a,Fzd4
Wnt2,Fzd2
Wnt2,Fzd3
Wnt2,Lrp5
Wnt2,Fzd1
Wnt2,Fzd5
Wnt2,Fzd4
Bmp5,Bmpr2
Bmp5,Bmpr1a
Wnt8a,Fzd1
Wnt8a,Lrp6
Wnt8a,Fzd5
Wnt8a,Fzd4
Dll1,Notch4
Dll1,Notch2
Dll1,Notch1
Dll1,Notch3
Mmp9,Ephb2
Mmp9,Tlr4
Wnt9b,Lrp5
Wnt9b,Lrp6
Wnt9b,Fzd5
Pomc,Mc2r
Pomc,Oprm1
Pomc,Mc3r
Pomc,Mc1r
Pomc,Mc5r
Pomc,Oprd1
Edn1,Ednrb
Edn1,Ednra
Sema4d,Erbb2
Sema4d,Plxnb2
Sema4d,Plxna2
Tnfsf11,Lgr4
Gdnf,Gfra4
Gdnf,Gfra3
Gdnf,Gfra1
Gdnf,Ret
Col2a1,Itga1
Wnt10b,Lrp6
Wnt10b,Fzd5
Wnt10b,Fzd4
Wnt1,Lrp5
Wnt1,Fzd1
Wnt1,Lrp6
Wnt1,Fzd5
Dkk1,Lrp5
Dkk1,Lrp6
Gal,Gpr151
Gal,Galr1
Gal,Galr2
Slit1,Robo2
Slit1,Flrt3
Gdf11,Acvr2b
Gdf11,Acvr2a
Gdf11,Acvr1c
Nppc,Npr3
Nppc,Npr2
Lamc2,Itgb1
Fshb,Fshr
Jag1,Notch2
Jag1,Notch3
Bmp2,Acvr2b
Bmp2,Tgfbr3
Bmp2,Hjv
Bmp2,Acvr2a
Bmp2,Bmpr2
Bmp2,Bmpr1a
Angpt4,Tek
Wnt2b,Fzd4
Sfrp2,Fzd5
Pdgfc,Pdgfra
Dkk2,Lrp6
Sema4a,Plxnb2
Sema3c,Plxna4
Sema3c,Nrp2
Sema3a,Plxna4
Sema3a,Nrp2
Cxcl5,Cxcr2
Areg,Erbb3
Areg,Erbb2
Areg,Erbb4
Col1a2,Itgb1
Bmp10,Bmpr2
Bmp10,Bmpr1a
Bmp10,Alk
Wnt7a,Fzd1
Wnt7a,Fzd3
Wnt7a,Adgra2
Wnt7a,Lrp6
Wnt7a,Fzd5
Wnt7a,Fzd4
Gdf3,Acvr2b
Gdf3,Acvr2a
Col4a1,Itgb1
Vegfc,Itgb1
Vegfc,Nrp2
Vegfc,Kdr
Sfrp1,Fzd2
Mmp2,Itgb1
Ptgs2,Ptger4
Ptgs2,Ptger3
Ptgs2,Ptger2
Apob,Tlr4
Apob,Cd36
Wnt4,Fzd2
Wnt4,Fzd1
Wnt4,Fzd5
Wnt4,Fzd4
Gdf7,Acvr2a
Gdf7,Bmpr2
Lefty1,Acvr2b
Lefty1,Acvr2a
Tgfb2,Tgfbr2
Thbs1,Itga1
Thbs1,Itgb1
Thbs1,Ptprj
Thbs1,Cd36
Cxcl10,Cxcr4
Cxcl10,Cxcr3
Inhba,Acvr2b
Inhba,Acvr2a
Gdf5,Acvr2b
Gdf5,Acvr2a
Gdf5,Bmpr2
Igf1,Insr
Gnai2,Adra2b
Gnai2,Drd2
Gdf6,Acvr2a
Gdf6,Bmpr2
Adam10,Notch3
Wnt5a,Fzd2
Wnt5a,Fzd3
Wnt5a,Fzd5
Agt,Agtr1a
Agt,Agtr1b
Agt,Agtr2
Agt,Mas1
Slit3,Robo2
Adcyap1,Adrb3
Adam17,Itgb1
Adam17,Notch2
Adam17,Erbb4
Cxcl12,Oprm1
Cxcl12,Itgb1
Jag2,Notch2
Jag2,Notch3
Pdgfa,Pdgfra
Itgb1bp1,Itgb1
Gnas,Ptgdr
Gnas,Htr6
Col3a1,Itgb1
Col3a1,Ddr2
Ccl21a,Ccr7
Psen1,Ephb2
Psen1,Erbb4
Sema6d,Plxna4
Sema6d,Kdr
Wnt7b,Fzd3
Nrg2,Erbb4
Btc,Erbb4
Rtn4,Ngfr
App,Ngfr
Bmp7,Acvrl1
Bmp10,Acvrl1
Gdf2,Acvrl1
Ihh,Smo
Shh,Smo
Lama5,Bcam
Psen1,Ncstn
App,Ncstn
Mmp9,Cd44
Fgf2,Cd44
Vcan,Cd44
Spp1,Cd44
Col1a2,Cd44
Igf1,Igf1r
Wnt3a,Igf1r
Areg,Igf1r
Gnai2,Igf1r
Gpc3,Igf1r
Fgf2,Kit
Pthlh,Pth1r
Gnas,Pth1r
Efna5,Epha2
Gdf11,Tgfbr1
Tgfb2,Tgfbr1
Bmp10,Tgfbr1
Inhba,Tgfbr1
Gdf3,Tgfbr1
Gnai2,Cav1
Adcyap1,Vipr2
Sema3c,Plxnd1
Sema4a,Plxnd1
Dll4,Notch4
Dll3,Notch4
Psen1,Notch4
Jag1,Notch4
Jag2,Notch4
Ptgs2,Ptger1
Ptpn6,Ros1
Cxcl12,Avpr1a
Btc,Egfr
Ereg,Egfr
Vcan,Egfr
Areg,Egfr
Apoe,Sdc1
Thbs1,Sdc1
Fgf2,Sdc1
Fgf2,Itgb3
Spp1,Itgb3
Vegfa,Itgb3
Igf1,Itgb3
Reln,Itgb3
Thbs1,Itgb3
Lgals3,Itgb3
Mmp2,Itgb3
Ihh,Ptch1
F2,F2rl2
F2,F2rl1
Gdnf,Gfra2
Wnt7b,Celsr3
Wnt7a,Celsr3
Gnai2,Lhcgr
Gnas,Lhcgr
Wnt7b,Lrp5
Apoe,Lrp5
Wnt7a,Lrp5
Wnt5a,Lrp5
Gnas,Gcgr
Sema3c,Nrp1
Vegfa,Nrp1
Sema3a,Nrp1
Sema4a,Nrp1
Fgf2,Nrp1
Sema3a,Plxna2
Spp1,Itga8
Inhba,Acvr1c
Gdf3,Acvr1c
Dll4,Notch1
Adam10,Notch1
Cntn6,Notch1
Dll3,Notch1
Psen1,Notch1
Dlk1,Notch1
Fgf2,Notch1
Jag1,Notch1
Jag2,Notch1
Reln,Notch1
Adam17,Notch1
Wnt5a,Notch1
Agrn,Lrp4
Wnt7a,Lrp4
Apoe,Abca1
Apoa1,Abca1
Tgfb2,Tgfbr3
Apoe,Lrp6
Wnt8b,Lrp6
Sostdc1,Lrp6
Wnt4,Lrp6
Apob,Lrp6
Wnt5b,Lrp6
Dkk4,Lrp6
Wnt5a,Lrp6
Wnt7b,Adgra2
Adcyap1,Vipr1
Bmp6,Bmpr1a
Gdf7,Bmpr1a
Bmp4,Bmpr1a
Gdf6,Bmpr1a
Cxcl12,Cmklr1
Lep,Lepr
Gpc3,Cd81
Cxcl10,Tlr4
Bmp4,Hjv
Bmp6,Hjv
Lcn2,Slc22a17
Wnt7b,Fzd4
Wnt5a,Fzd4
Cxcl12,Oprd1
Gnai2,Oprd1
Ccl21a,Ackr2
Sema4c,Plxnb2
Ccl21a,Cxcr3
Gnai2,Mtnr1b
Rtn4,S1pr2
Adam10,Erbb2
Btc,Erbb2
Gnai2,Cnr1
Wnt7b,Fzd1
Wnt5a,Fzd1
Cxcl12,Gpr17
Adcyap1,Adcyap1r1
Lefty2,Acvr2a
Cxcl12,Ackr3
Cxcl12,Agtr1a
Ihh,Hhip
Dll4,Notch2
Dll3,Notch2
Psen1,Notch2
Dlk1,Notch2
Nrg3,Erbb3
Nrg2,Erbb3
Bmp6,Bmpr2
Gdf2,Bmpr2
Dll4,Notch3
Dll3,Notch3
Psen1,Notch3
Dlk1,Notch3
Spp1,Itgb1
Lama2,Itgb1
Reln,Itgb1
Lgals3,Itgb1
Vegfa,Kdr
Vegfa,Nrp2
Sema6b,Plxna4
Slit2,Robo2
Ihh,Cdon
Nrg3,Erbb4
Bmp6,Acvr2b
Ccl2,Ccr3
Gdf5,Bmpr1a
Cdh1,Cdh1
Cdh5,Cdh5
Cga,Fshr
Cga,Lhcgr
Cga,Tshr
Col1a1,Itga1
Lamc3,Itgb1
Lamc3,Cd44
Col1a1,Sdc1
Lamc3,Dag1
Agrn,Dag1
Adm,Gpr182
Adm,Calcr
Rarres2,Cmklr1
Ccl21a,Ackr4
Cxcl12,Cxcr3
Cxcl10,Ccr3
Ccl2,Ccr1
Ccl2,Ccr5
Ccl2,Cxcr3
Ccl12,Ccr5
Gal,Galr3
Kiss1,Kiss1r
Pthlh,Prlhr
Pthlh,Pth2r
Ereg,Erbb4
Pomc,Oprk1
Pdgfc,Kdr
Adm,Calcrl
Bmp10,Acvr2a
Bmp10,Acvr2b
Bmp5,Acvr2a
Bmp5,Acvr2b
Bmp6,Acvr2a
Btc,Erbb3
Ccl12,Ackr2
Ccl12,Ccr1
Col1a1,Ddr1
Col1a1,Ddr2
Col2a1,Itgb1
Col4a1,Itga1
Dhh,Hhip
Dlk1,Notch4
F2,F2r
F2,F2rl3
Ghrl,Gpr39
Nampt,Insr
Shh,Boc
Slit1,Sdc1
Slit2,Sdc1
Tgfb3,Acvrl1
Vegfc,Vipr2
Wnt1,Fzd3
Calr,Tshr
Ccl21b,Ackr2
Gm13304,Ackr2
LOC100041504,Ackr2
Gm21541,Ackr2
LOC100041593,Ackr2
Gm10591,Ackr2
Ccl21c,Ackr2
Gm1987,Ackr2
Lama2,Dag1
Apob,Calcr
Dkk1,Kit
Tnf,Dag1
Rtn4,Ntrk1
Calr,Ntrk1
Efnb2,Sdc1
Prl,Erbb4
Ereg,Erbb2
Nrg2,Erbb2
Efnb2,Lrp6
Efnb2,Epha2
Efnb2,Insr
Efnb2,Fzd5
Jag2,Epha2
Jag2,Insr
Jag2,Fzd5
Efnb2,Unc5c
Lamb1,Sdc1
Apob,Erbb2
Apob,Egfr
Calr,Lrp5
Jag2,Epha7
Rtn4,Epha2
Rtn4,Epha7
Calr,Cd44
App,Tgfbr2
Wnt11,Lrp6
Wnt1,Notch1
Ereg,Erbb3
Wnt4,Lrp5
Wnt4,Fzd3
Wnt11,Fzd3
Dhh,Ptch1
App,Sdc1
App,Kdr
App,Prokr1
Spp1,Sdc1
Col2a1,Ddr1
Wnt1,Cd36
Col1a1,Cd36
Ccl2,Ackr4
Vegfa,Ephb2
Adcyap1,Sctr
Slit1,Mtnr1a
Lefty2,Acvr1c
Dll1,Mtnr1a
Ccl21b,Galr2
Gm13304,Galr2
LOC100041504,Galr2
Gm21541,Galr2
LOC100041593,Galr2
Gm10591,Galr2
Ccl21c,Galr2
Gm1987,Galr2
Ccl21a,Galr2
Ccl21a,Galr3
Ccl21b,Htr1a
Gm13304,Htr1a
LOC100041504,Htr1a
Gm21541,Htr1a
LOC100041593,Htr1a
Gm10591,Htr1a
Ccl21c,Htr1a
Gm1987,Htr1a
Ccl21a,Htr1a
Ccl21a,Fpr1
Ccl21a,Cxcr1
Ccl21b,Cxcr2
Gm13304,Cxcr2
LOC100041504,Cxcr2
Gm21541,Cxcr2
LOC100041593,Cxcr2
Gm10591,Cxcr2
Ccl21c,Cxcr2
Gm1987,Cxcr2
Ccl21a,Cxcr2
Ccl21a,Fpr2
Ccl21b,Ackr3
Gm13304,Ackr3
LOC100041504,Ackr3
Gm21541,Ackr3
LOC100041593,Ackr3
Gm10591,Ackr3
Ccl21c,Ackr3
Gm1987,Ackr3
Ccl21a,Ackr3
Ccl21a,Npy1r
Ccl21b,Htr1d
Gm13304,Htr1d
LOC100041504,Htr1d
Gm21541,Htr1d
LOC100041593,Htr1d
Gm10591,Htr1d
Ccl21c,Htr1d
Gm1987,Htr1d
Ccl21a,Htr1d
Ccl21b,Htr1b
Gm13304,Htr1b
LOC100041504,Htr1b
Gm21541,Htr1b
LOC100041593,Htr1b
Gm10591,Htr1b
Ccl21c,Htr1b
Gm1987,Htr1b
Ccl21a,Htr1b
Ccl21a,Bdkrb2
Ccl21a,Sstr1
Ccl21a,Sstr2
Ccl21b,Htr1f
Gm13304,Htr1f
LOC100041504,Htr1f
Gm21541,Htr1f
LOC100041593,Htr1f
Gm10591,Htr1f
Ccl21c,Htr1f
Gm1987,Htr1f
Ccl21a,Htr1f
Ccl21a,Sstr4
Ccl21b,Ccr1
Gm13304,Ccr1
LOC100041504,Ccr1
Gm21541,Ccr1
LOC100041593,Ccr1
Gm10591,Ccr1
Ccl21c,Ccr1
Gm1987,Ccr1
Ccl21a,Ccr1
Ccl21a,Cxcr5
Ccl21b,Sstr3
Gm13304,Sstr3
LOC100041504,Sstr3
Gm21541,Sstr3
LOC100041593,Sstr3
Gm10591,Sstr3
Ccl21c,Sstr3
Gm1987,Sstr3
Ccl21a,Sstr3
Ccl21a,Sstr5
Ccl21b,Oprm1
Gm13304,Oprm1
LOC100041504,Oprm1
Gm21541,Oprm1
LOC100041593,Oprm1
Gm10591,Oprm1
Ccl21c,Oprm1
Gm1987,Oprm1
Ccl21a,Oprm1
Ccl21b,Aplnr
Gm13304,Aplnr
LOC100041504,Aplnr
Gm21541,Aplnr
LOC100041593,Aplnr
Gm10591,Aplnr
Ccl21c,Aplnr
Gm1987,Aplnr
Ccl21a,Aplnr
Ccl21b,Oprd1
Gm13304,Oprd1
LOC100041504,Oprd1
Gm21541,Oprd1
LOC100041593,Oprd1
Gm10591,Oprd1
Ccl21c,Oprd1
Gm1987,Oprd1
Ccl21a,Oprd1
Ccl21b,Oprk1
Gm13304,Oprk1
LOC100041504,Oprk1
Gm21541,Oprk1
LOC100041593,Oprk1
Gm10591,Oprk1
Ccl21c,Oprk1
Gm1987,Oprk1
Ccl21a,Oprk1
Ccl21a,Oprl1
Ccl21a,Ccr10
Ccl21b,Bdkrb1
Gm13304,Bdkrb1
LOC100041504,Bdkrb1
Gm21541,Bdkrb1
LOC100041593,Bdkrb1
Gm10591,Bdkrb1
Ccl21c,Bdkrb1
Gm1987,Bdkrb1
Ccl21a,Bdkrb1
Ccl21a,Galr1
Ccl21b,Htr5a
Gm13304,Htr5a
LOC100041504,Htr5a
Gm21541,Htr5a
LOC100041593,Htr5a
Gm10591,Htr5a
Ccl21c,Htr5a
Gm1987,Htr5a
Ccl21a,Htr5a
Ccl21a,Mtnr1a
Ccl21a,Npbwr1
Ccl21a,Npy2r
Ccl21b,Mtnr1b
Gm13304,Mtnr1b
LOC100041504,Mtnr1b
Gm21541,Mtnr1b
LOC100041593,Mtnr1b
Gm10591,Mtnr1b
Ccl21c,Mtnr1b
Gm1987,Mtnr1b
Ccl21a,Mtnr1b
Ccl21b,Agtr2
Gm13304,Agtr2
LOC100041504,Agtr2
Gm21541,Agtr2
LOC100041593,Agtr2
Gm10591,Agtr2
Ccl21c,Agtr2
Gm1987,Agtr2
Ccl21a,Agtr2
Ccl21a,Ccr3
Ccl21a,Ccr4
Ccl21b,Ccr5
Gm13304,Ccr5
LOC100041504,Ccr5
Gm21541,Ccr5
LOC100041593,Ccr5
Gm10591,Ccr5
Ccl21c,Ccr5
Gm1987,Ccr5
Ccl21a,Ccr5
Ccl21b,Ccr6
Gm13304,Ccr6
LOC100041504,Ccr6
Gm21541,Ccr6
LOC100041593,Ccr6
Gm10591,Ccr6
Ccl21c,Ccr6
Gm1987,Ccr6
Ccl21a,Ccr6
Ccl21a,Ccr8
Ccl21b,Ccr9
Gm13304,Ccr9
LOC100041504,Ccr9
Gm21541,Ccr9
LOC100041593,Ccr9
Gm10591,Ccr9
Ccl21c,Ccr9
Gm1987,Ccr9
Ccl21a,Ccr9
Ccl21b,Cxcr4
Gm13304,Cxcr4
LOC100041504,Cxcr4
Gm21541,Cxcr4
LOC100041593,Cxcr4
Gm10591,Cxcr4
Ccl21c,Cxcr4
Gm1987,Cxcr4
Ccl21a,Cxcr4
Ccl21a,Grm4
Ccl21b,P2ry14
Gm13304,P2ry14
LOC100041504,P2ry14
Gm21541,P2ry14
LOC100041593,P2ry14
Gm10591,P2ry14
Ccl21c,P2ry14
Gm1987,P2ry14
Ccl21a,P2ry14
Ccl21a,Npy5r
Ccl21a,C3ar1
Ccl21b,Lpar1
Gm13304,Lpar1
LOC100041504,Lpar1
Gm21541,Lpar1
LOC100041593,Lpar1
Gm10591,Lpar1
Ccl21c,Lpar1
Gm1987,Lpar1
Ccl21a,Lpar1
Ccl21a,Mchr1
Ccl21a,Nmur2
Ccl21b,Nmur1
Gm13304,Nmur1
LOC100041504,Nmur1
Gm21541,Nmur1
LOC100041593,Nmur1
Gm10591,Nmur1
Ccl21c,Nmur1
Gm1987,Nmur1
Ccl21a,Nmur1
Ccl21a,Lpar2
Ccl21a,Rxfp3
Ccl21a,Hrh3
Nrg2,Egfr
Dhh,Smo
Slit2,Ptch1
Wnt11,Fzd1
F2,Tacr2
F2,Ednrb
F2,Fpr2
F2,Ednra
F2,Tacr1
F2,Htr2a
F2,Htr2c
F2,Nmbr
F2,Tacr3
F2,Bdkrb2
F2,Grpr
F2,Agtr1a
F2,Ntsr1
F2,Cckar
F2,Cckbr
F2,Trhr
F2,Hrh1
F2,Avpr1a
F2,Htr2b
F2,Xcr1
F2,Bdkrb1
F2,Gcgr
F2,Avpr1b
F2,Npsr1
F2,Prokr2
F2,Prokr1
F2,Lpar1
F2,Ghsr
F2,Kiss1r
F2,Qrfpr
F2,Lpar4
F2,Mchr1
F2,Nmur2
F2,Npffr1
F2,Nmur1
F2,Lpar2
F2,Uts2r
F2,Npffr2
Agt,Htr1a
Agt,Tacr2
Agt,Fpr1
Agt,Cxcr1
Agt,Cxcr2
Agt,Fpr2
Agt,Ednra
Agt,Tacr1
Agt,Ackr3
Agt,F2r
Agt,Npy1r
Agt,Htr1d
Agt,Htr1b
Agt,Htr2a
Agt,Htr2c
Agt,Nmbr
Agt,Tacr3
Agt,Bdkrb2
Agt,Grpr
Agt,Oxtr
Agt,Sstr1
Agt,Sstr2
Agt,Htr1f
Agt,Ntsr1
Agt,Sstr4
Agt,Cckar
Agt,Cckbr
Agt,Ccr1
Agt,Ccr7
Agt,Cxcr5
Agt,Sstr3
Agt,Trhr
Agt,Sstr5
Agt,Hrh1
Agt,Oprm1
Agt,Aplnr
Agt,Avpr1a
Agt,Oprd1
Agt,Oprk1
Agt,Oprl1
Agt,Htr2b
Agt,Ccr10
Agt,Xcr1
Agt,Bdkrb1
Agt,Galr1
Agt,Gcgr
Agt,Htr5a
Agt,Avpr1b
Agt,Mtnr1a
Agt,Npbwr1
Agt,Npy2r
Agt,Mtnr1b
Agt,Cxcr3
Agt,Ccr3
Agt,Ccr4
Agt,Ccr5
Agt,Ccr6
Agt,Ccr8
Agt,Ccr9
Agt,F2rl1
Agt,Cxcr4
Agt,Grm4
Agt,P2ry14
Agt,Npy5r
Agt,C3ar1
Agt,Npsr1
Agt,Prokr2
Agt,Prokr1
Agt,Lpar1
Agt,Ghsr
Agt,Kiss1r
Agt,Qrfpr
Agt,F2rl3
Agt,Lpar4
Agt,Mchr1
Agt,Nmur2
Agt,Npffr1
Agt,Hrh4
Agt,Nmur1
Agt,Lpar2
Agt,Rxfp3
Agt,Uts2r
Agt,Hrh3
Agt,Npffr2
Gnrh1,Tacr2
Gnrh1,Ednrb
Gnrh1,Fpr2
Gnrh1,Ednra
Gnrh1,Tacr1
Gnrh1,F2r
Gnrh1,Htr2a
Gnrh1,Htr2c
Gnrh1,Nmbr
Gnrh1,Tacr3
Gnrh1,Bdkrb2
Gnrh1,Grpr
Gnrh1,Agtr1a
Gnrh1,Oxtr
Gnrh1,Ntsr1
Gnrh1,Cckar
Gnrh1,Cckbr
Gnrh1,Trhr
Gnrh1,Hrh1
Gnrh1,Avpr1a
Gnrh1,Htr2b
Gnrh1,Xcr1
Gnrh1,Bdkrb1
Gnrh1,Gcgr
Gnrh1,Avpr1b
Gnrh1,F2rl1
Gnrh1,Npsr1
Gnrh1,Prokr2
Gnrh1,Prokr1
Gnrh1,Lpar1
Gnrh1,Ghsr
Gnrh1,Kiss1r
Gnrh1,Qrfpr
Gnrh1,F2rl3
Gnrh1,Lpar4
Gnrh1,Mchr1
Gnrh1,Nmur2
Gnrh1,Npffr1
Gnrh1,Nmur1
Gnrh1,Lpar2
Gnrh1,Uts2r
Gnrh1,Npffr2
Pomc,Htr1a
Pomc,Tshr
Pomc,Fpr1
Pomc,Lhcgr
Pomc,Fshr
Pomc,Hrh2
Pomc,Cxcr1
Pomc,Cxcr2
Pomc,Fpr2
Pomc,Ackr3
Pomc,Npy1r
Pomc,Htr1d
Pomc,Htr1b
Pomc,Bdkrb2
Pomc,Avpr2
Pomc,Sstr1
Pomc,Sstr2
Pomc,Htr1f
Pomc,Calcr
Pomc,Sstr4
Pomc,Vipr1
Pomc,Ccr1
Pomc,Ccr7
Pomc,Cxcr5
Pomc,Sstr3
Pomc,Htr7
Pomc,Crhr1
Pomc,Sstr5
Pomc,Aplnr
Pomc,Oprl1
Pomc,Adcyap1r1
Pomc,Vipr2
Pomc,Glp1r
Pomc,Ccr10
Pomc,Bdkrb1
Pomc,Galr1
Pomc,Gcgr
Pomc,Sctr
Pomc,Htr5a
Pomc,Mtnr1a
Pomc,Npbwr1
Pomc,Gipr
Pomc,Npy2r
Pomc,Pth2r
Pomc,Mtnr1b
Pomc,Cxcr3
Pomc,Agtr2
Pomc,Htr6
Pomc,Ccr3
Pomc,Ccr4
Pomc,Ccr5
Pomc,Ccr6
Pomc,Ccr8
Pomc,Ccr9
Pomc,Cxcr4
Pomc,Ghrhr
Pomc,Pth1r
Pomc,Crhr2
Pomc,Htr4
Pomc,Grm4
Pomc,P2ry14
Pomc,Npy5r
Pomc,C3ar1
Pomc,Calcrl
Pomc,Npsr1
Pomc,Rxfp2
Pomc,Lpar1
Pomc,Mchr1
Pomc,Nmur2
Pomc,Hrh4
Pomc,Nmur1
Pomc,Lpar2
Pomc,Rxfp1
Pomc,Rxfp3
Pomc,Hrh3
Cga,Hrh2
Cga,Avpr2
Cga,Calcr
Cga,Vipr1
Cga,Mc5r
Cga,Htr7
Cga,Crhr1
Cga,Adcyap1r1
Cga,Vipr2
Cga,Mc3r
Cga,Glp1r
Cga,Gcgr
Cga,Sctr
Cga,Gipr
Cga,Pth2r
Cga,Htr6
Cga,Mc2r
Cga,Mc1r
Cga,Ghrhr
Cga,Pth1r
Cga,Crhr2
Cga,Htr4
Cga,Calcrl
Cga,Npsr1
Cga,Rxfp2
Cga,Rxfp1
Fshb,Tshr
Fshb,Lhcgr
Fshb,Hrh2
Fshb,Avpr2
Fshb,Calcr
Fshb,Vipr1
Fshb,Mc5r
Fshb,Htr7
Fshb,Crhr1
Fshb,Adcyap1r1
Fshb,Vipr2
Fshb,Mc3r
Fshb,Glp1r
Fshb,Gcgr
Fshb,Sctr
Fshb,Gipr
Fshb,Pth2r
Fshb,Htr6
Fshb,Mc2r
Fshb,Mc1r
Fshb,Ghrhr
Fshb,Pth1r
Fshb,Crhr2
Fshb,Htr4
Fshb,Calcrl
Fshb,Npsr1
Fshb,Rxfp2
Fshb,Rxfp1
Cxcl10,Htr1a
Cxcl10,Fpr1
Cxcl10,Cxcr1
Cxcl10,Cxcr2
Cxcl10,Fpr2
Cxcl10,Ackr3
Cxcl10,Npy1r
Cxcl10,Htr1d
Cxcl10,Htr1b
Cxcl10,Bdkrb2
Cxcl10,Sstr1
Cxcl10,Sstr2
Cxcl10,Htr1f
Cxcl10,Sstr4
Cxcl10,Ccr1
Cxcl10,Ccr7
Cxcl10,Cxcr5
Cxcl10,Sstr3
Cxcl10,Sstr5
Cxcl10,Oprm1
Cxcl10,Aplnr
Cxcl10,Oprd1
Cxcl10,Oprk1
Cxcl10,Oprl1
Cxcl10,Ccr10
Cxcl10,Bdkrb1
Cxcl10,Galr1
Cxcl10,Htr5a
Cxcl10,Mtnr1a
Cxcl10,Npbwr1
Cxcl10,Npy2r
Cxcl10,Mtnr1b
Cxcl10,Agtr2
Cxcl10,Ccr4
Cxcl10,Ccr5
Cxcl10,Ccr6
Cxcl10,Ccr8
Cxcl10,Ccr9
Cxcl10,Grm4
Cxcl10,P2ry14
Cxcl10,Npy5r
Cxcl10,C3ar1
Cxcl10,Lpar1
Cxcl10,Mchr1
Cxcl10,Nmur2
Cxcl10,Hrh4
Cxcl10,Lpar2
Cxcl10,Rxfp3
Cxcl10,Hrh3
Apob,Igf2r
Apob,Sdc1
Apob,Avpr2
Apob,P2ry14
Apob,Fzd4
Wnt1,Fzd2
Wnt1,Fzd4
App,Igf1r
App,Htr1a
App,Cd36
App,Tacr2
App,Fpr1
App,Ednrb
App,Cxcr1
App,Cxcr2
App,Ednra
App,Tacr1
App,Ackr3
App,F2r
App,Npy1r
App,Htr1d
App,Htr1b
App,Htr2a
App,Htr2c
App,Nmbr
App,Epha2
App,Tacr3
App,Bdkrb2
App,Grpr
App,Agtr1a
App,Oxtr
App,Sstr1
App,Sstr2
App,Htr1f
App,Ntsr1
App,Sstr4
App,Cckar
App,Cckbr
App,Ccr1
App,Ccr7
App,Cxcr5
App,Sstr3
App,Trhr
App,Sstr5
App,Hrh1
App,Oprm1
App,Aplnr
App,Avpr1a
App,Oprd1
App,Oprk1
App,Oprl1
App,Vipr2
App,Htr2b
App,Ccr10
App,Xcr1
App,Bdkrb1
App,Galr1
App,Gcgr
App,Htr5a
App,Avpr1b
App,Mtnr1a
App,Npbwr1
App,Npy2r
App,Mtnr1b
App,Cxcr3
App,Agtr2
App,Ccr3
App,Ccr4
App,Ccr5
App,Ccr6
App,Ccr8
App,Ccr9
App,F2rl1
App,Cxcr4
App,Tek
App,Crhr2
App,Grm4
App,P2ry14
App,Npy5r
App,Ntrk3
App,C3ar1
App,Npsr1
App,Prokr2
App,Lpar1
App,Ghsr
App,Kiss1r
App,Qrfpr
App,F2rl3
App,Lpar4
App,Mchr1
App,Nmur2
App,Npffr1
App,Hrh4
App,Nmur1
App,Lpar2
App,Rxfp3
App,Uts2r
App,Hrh3
App,Npffr2
Edn1,Tacr2
Edn1,Fpr2
Edn1,Tacr1
Edn1,F2r
Edn1,Htr2a
Edn1,Htr2c
Edn1,Nmbr
Edn1,Tacr3
Edn1,Bdkrb2
Edn1,Grpr
Edn1,Agtr1a
Edn1,Oxtr
Edn1,Ntsr1
Edn1,Cckar
Edn1,Cckbr
Edn1,Trhr
Edn1,Hrh1
Edn1,Avpr1a
Edn1,Htr2b
Edn1,Xcr1
Edn1,Bdkrb1
Edn1,Gcgr
Edn1,Avpr1b
Edn1,F2rl1
Edn1,Npsr1
Edn1,Prokr2
Edn1,Prokr1
Edn1,Lpar1
Edn1,Ghsr
Edn1,Kiss1r
Edn1,Qrfpr
Edn1,F2rl3
Edn1,Lpar4
Edn1,Mchr1
Edn1,Nmur2
Edn1,Npffr1
Edn1,Nmur1
Edn1,Lpar2
Edn1,Uts2r
Edn1,Npffr2
Lamb1,Itga1
Lamb1,Dag1
Thbs1,Calcr
Inhba,Acvrl1
Spp1,Ncstn
Pthlh,Tshr
Pthlh,Lhcgr
Pthlh,Fshr
Pthlh,Hrh2
Pthlh,Avpr2
Pthlh,Calcr
Pthlh,Vipr1
Pthlh,Mc5r
Pthlh,Htr7
Pthlh,Crhr1
Pthlh,Adcyap1r1
Pthlh,Vipr2
Pthlh,Mc3r
Pthlh,Glp1r
Pthlh,Gcgr
Pthlh,Sctr
Pthlh,Gipr
Pthlh,Htr6
Pthlh,Mc2r
Pthlh,Mc1r
Pthlh,Ghrhr
Pthlh,Crhr2
Pthlh,Htr4
Pthlh,Calcrl
Pthlh,Npsr1
Pthlh,Rxfp2
Pthlh,Rxfp1
Vegfa,Pdgfra
Adcyap1,Lhcgr
Adcyap1,Fshr
Adcyap1,Hrh2
Adcyap1,Avpr2
Adcyap1,Calcr
Adcyap1,Mc5r
Adcyap1,Htr7
Adcyap1,Crhr1
Adcyap1,Mc3r
Adcyap1,Glp1r
Adcyap1,Gcgr
Adcyap1,Gipr
Adcyap1,Pth2r
Adcyap1,Htr6
Adcyap1,Mc2r
Adcyap1,Mc1r
Adcyap1,Ghrhr
Adcyap1,Pth1r
Adcyap1,Crhr2
Adcyap1,Htr4
Adcyap1,Calcrl
Adcyap1,Npsr1
Adcyap1,Rxfp2
Adcyap1,Rxfp1
Trh,Tacr2
Trh,Ednrb
Trh,Fpr2
Trh,Ednra
Trh,Tacr1
Trh,F2r
Trh,Htr2a
Trh,Htr2c
Trh,Nmbr
Trh,Tacr3
Trh,Bdkrb2
Trh,Grpr
Trh,Agtr1a
Trh,Oxtr
Trh,Ntsr1
Trh,Cckar
Trh,Cckbr
Trh,Hrh1
Trh,Avpr1a
Trh,Htr2b
Trh,Xcr1
Trh,Bdkrb1
Trh,Gcgr
Trh,Avpr1b
Trh,F2rl1
Trh,Npsr1
Trh,Prokr2
Trh,Prokr1
Trh,Lpar1
Trh,Ghsr
Trh,Kiss1r
Trh,Qrfpr
Trh,F2rl3
Trh,Lpar4
Trh,Mchr1
Trh,Nmur2
Trh,Npffr1
Trh,Nmur1
Trh,Lpar2
Trh,Uts2r
Trh,Npffr2
Gal,Cxcr1
Gal,Cxcr2
Gal,Fpr2
Gal,Ackr3
Gal,Npy1r
Gal,Htr1d
Gal,Htr1b
Gal,Bdkrb2
Gal,Sstr1
Gal,Sstr2
Gal,Htr1f
Gal,Sstr4
Gal,Ccr1
Gal,Ccr7
Gal,Cxcr5
Gal,Sstr3
Gal,Sstr5
Gal,Oprm1
Gal,Aplnr
Gal,Oprd1
Gal,Oprk1
Gal,Oprl1
Gal,Ccr10
Gal,Bdkrb1
Gal,Htr5a
Gal,Mtnr1a
Gal,Npbwr1
Gal,Npy2r
Gal,Mtnr1b
Gal,Cxcr3
Gal,Agtr2
Gal,Ccr3
Gal,Ccr4
Gal,Ccr5
Gal,Ccr6
Gal,Ccr8
Gal,Ccr9
Gal,Cxcr4
Gal,Grm4
Gal,P2ry14
Gal,Npy5r
Gal,C3ar1
Gal,Lpar1
Gal,Mchr1
Gal,Nmur2
Gal,Hrh4
Gal,Nmur1
Gal,Lpar2
Gal,Rxfp3
Gal,Hrh3
Calr,Lgr4
Adm,Adcyap1r1
Adm,Vipr2
Adm,Mc3r
Adm,Glp1r
Adm,Gcgr
Adm,Sctr
Adm,Gipr
Adm,Pth2r
Adm,Htr6
Adm,Mc2r
Adm,Mc1r
Adm,Ghrhr
Adm,Pth1r
Adm,Crhr2
Adm,Htr4
Adm,Npsr1
Adm,Rxfp2
Adm,Rxfp1
Ptgs2,Mtnr1b
Cxcl12,Npbwr1
Cxcl12,Npy2r
Cxcl12,Mtnr1b
Cxcl12,Agtr2
Cxcl12,Ccr3
Cxcl12,Ccr4
Cxcl12,Ccr5
Cxcl12,Ccr6
Cxcl12,Ccr8
Cxcl12,Ccr9
Cxcl12,Grm4
Cxcl12,P2ry14
Cxcl12,Npy5r
Cxcl12,C3ar1
Cxcl12,Lpar1
Cxcl12,Mchr1
Cxcl12,Nmur2
Cxcl12,Hrh4
Cxcl12,Nmur1
Cxcl12,Lpar2
Cxcl12,Rxfp3
Cxcl12,Hrh3
Psen1,Dag1
Wnt3,Fzd4
Adam17,Ptch1
Cxcl5,P2ry14
Cxcl5,Lpar1
Cxcl5,Nmur1
Dlk1,Acvr2b
Kiss1,Npsr1
Kiss1,Prokr2
Kiss1,Prokr1
Kiss1,Lpar1
Kiss1,Ghsr
Kiss1,Qrfpr
Kiss1,F2rl3
Kiss1,Lpar4
Kiss1,Mchr1
Kiss1,Nmur2
Kiss1,Npffr1
Kiss1,Nmur1
Kiss1,Lpar2
Kiss1,Uts2r
Kiss1,Npffr2
Npw,Lpar1
Npw,Nmur1
Tgfb1,Egfr
Vegfc,Nrp1
Calr,Egfr
Tnf,Nrp1
Nampt,Ntrk1
Lamb1,Ntrk1
Nampt,Igf1r
Jag2,Lrp6
Jag2,Unc5c
Rtn4,Cd44
Ptgs2,Erbb2
Psen1,Cxcr1
Jag2,Ncstn
App,Egfr
Psen1,Tgfbr1
Thbs1,Lrp5
Ptgs2,Egfr
Agt,F2rl2
Gnrh1,F2rl2
App,F2rl2
Edn1,F2rl2
Trh,F2rl2
Kiss1,F2rl2
Ccl21a,Cxcr6
Agt,Cxcr6
Pomc,Cxcr6
Cxcl10,Cxcr6
App,Cxcr6
Gal,Cxcr6
Cxcl12,Cxcr6
App,Ackr2
Sost,Nrp1
Agt,Galr2
Pomc,Galr2
Cxcl10,Galr2
App,Galr2
Cxcl12,Galr2
Cxcl5,Galr2
Npw,Galr2
F2,Hcrtr1
Agt,Hcrtr1
Gnrh1,Hcrtr1
App,Hcrtr1
Edn1,Hcrtr1
Trh,Hcrtr1
Kiss1,Hcrtr1
F2,Hcrtr2
Agt,Hcrtr2
Gnrh1,Hcrtr2
App,Hcrtr2
Edn1,Hcrtr2
Trh,Hcrtr2
Kiss1,Hcrtr2
Agt,Galr3
Pomc,Galr3
Cxcl10,Galr3
App,Galr3
Cxcl12,Galr3
Tnf,Plxna2
Sema6d,Plxna2
F2,Ntsr2
Agt,Ntsr2
Gnrh1,Ntsr2
App,Ntsr2
Edn1,Ntsr2
Trh,Ntsr2
Kiss1,Ntsr2
Pomc,Glp2r
Cga,Glp2r
Fshb,Glp2r
Pthlh,Glp2r
Adcyap1,Glp2r
Adm,Glp2r
Wnt5a,Egfr
Gpi1,Ntrk1
Adcyap1,Ntrk1
Tgfb3,Itgb3
Psen1,Ngfr
Adam17,Ngfr
Gal,Htr1a
Cxcl12,Htr1a
Cxcl5,Htr1a
Npw,Htr1a
Wnt5a,Igf2r
Adcyap1,Tshr
Adm,Tshr
Psen1,Npr3
Kiss1,Tacr2
Gal,Fpr1
Cxcl12,Fpr1
Adm,Lhcgr
Adm,Fshr
Kiss1,Ednrb
Ghrl,Ednrb
Adm,Hrh2
Cxcl12,Cxcr1
Cxcl12,Cxcr2
Npw,Cxcr2
Cxcl12,Fpr2
Kiss1,Fpr2
Kiss1,Ednra
Kiss1,Tacr1
Ghrl,Tacr1
Npw,Ackr3
Kiss1,F2r
Cxcl12,Npy1r
Gdf2,Acvr2a
Cxcl12,Htr1d
Cxcl5,Htr1d
Npw,Htr1d
Cxcl12,Htr1b
Cxcl5,Htr1b
Npw,Htr1b
Kiss1,Htr2a
Ghrl,Htr2a
Kiss1,Htr2c
Ghrl,Htr2c
Kiss1,Nmbr
Kiss1,Tacr3
Cxcl12,Bdkrb2
Kiss1,Bdkrb2
Adm,Avpr2
Wnt5a,Avpr2
Kiss1,Grpr
Kiss1,Agtr1a
Ghrl,Agtr1a
Kiss1,Oxtr
Cxcl12,Sstr1
Cxcl12,Sstr2
Cxcl12,Htr1f
Cxcl5,Htr1f
Npw,Htr1f
Kiss1,Ntsr1
Cxcl12,Sstr4
Kiss1,Cckar
Kiss1,Cckbr
Adm,Vipr1
Cxcl12,Ccr1
Cxcl5,Ccr1
Npw,Ccr1
Cxcl12,Ccr7
Cxcl12,Cxcr5
Cxcl12,Sstr3
Cxcl5,Sstr3
Npw,Sstr3
Adm,Mc5r
Adm,Htr7
Kiss1,Trhr
Adm,Crhr1
Cxcl12,Sstr5
Kiss1,Hrh1
Cxcl5,Oprm1
Npw,Oprm1
Cxcl12,Aplnr
Cxcl5,Aplnr
Npw,Aplnr
Pgf,Kdr
Efna5,Tgfbr1
Kiss1,Avpr1a
Ghrl,Avpr1a
Cxcl5,Oprd1
Npw,Oprd1
Cxcl12,Oprk1
Cxcl5,Oprk1
Npw,Oprk1
Cxcl12,Oprl1
Kiss1,Htr2b
Ghrl,Htr2b
Cxcl12,Ccr10
Kiss1,Xcr1
Cxcl12,Bdkrb1
Cxcl5,Bdkrb1
Kiss1,Bdkrb1
Npw,Bdkrb1
Ghrl,Bdkrb1
Cxcl12,Galr1
Kiss1,Gcgr
Cxcl12,Htr5a
Cxcl5,Htr5a
Npw,Htr5a
Kiss1,Avpr1b
Cxcl12,Mtnr1a
Cxcl5,Mtnr1b
Npw,Mtnr1b
Cxcl5,Agtr2
Npw,Agtr2
Cxcl5,Ccr5
Npw,Ccr5
Cxcl5,Ccr6
Npw,Ccr6
Cxcl5,Ccr9
Npw,Ccr9
Kiss1,F2rl1
Ghrl,F2rl1
Cxcl5,Cxcr4
Npw,Cxcr4
Gdf2,Acvr2b
Npw,P2ry14
Ghrl,Lpar1
Ghrl,Kiss1r
Ghrl,Nmur1
Agrn,Itgb1
Psen1,Cdh1
Sema4d,Ptprc
Tgfb3,Itgb1
Mmp9,Itgb1
Psen1,Itgb1
Tnfsf13b,Itgb1
Mmp9,Cdh1
Ptprc,Epor
Ptprc,Insr
Ptprc,Lepr
Ptprc,Erbb2
Ptprc,Cxcr4
Cdh1,Lrp6
Itgb1,Dag1
Itgb1,Igf1r
Itgb1,Cd36
Itgb1,Itga1
Itgb1,Itga8
Cdh5,Kdr
Ptprc,Tek
Itgb1,Igf2r
Itgb1,Sdc1
Itgb1,Epha2
Itgb1,Ptch1
Itgb1,Ncstn
Cdh1,Kdr
Cdh1,Ddr1
Cdh1,Ddr2
Cdh1,Cdon
Cdh1,Ncstn
Cdh1,Boc
Cdh5,Tgfbr1
Cdh5,Acvrl1
Cdh5,Tgfbr2
Ptprc,Egfr
Ptprc,Cd44
Cdh1,Erbb2
Ptprc,Ntrk1
Cdh5,Egfr
Cdh5,Epha2
Cdh5,F2rl2
Itgb1,Ntrk1
Itgb1,Itgb3
Wnt4,Sfrp1
Aimp1,Ntrk1
Gdf15,Erbb2
Jag2,Dlg1
Wnt2,Lrp6
Wnt10a,Lrp6
Wnt9a,Lrp6
Wnt10b,Lrp5
Wnt10b,Fzd3
Wnt10b,Fzd1
Wnt10b,Fzd2
Wnt8a,Lrp5
Wnt10a,Lrp5
Wnt9a,Lrp5
Wnt8a,Fzd3
Wnt9b,Fzd3
Wnt10a,Fzd3
Wnt8b,Fzd3
Wnt9a,Fzd3
Wnt3a,Dlg1
Grem1,Kdr
Bmp2,Rgma
Bmp2,Rgmb
Wnt1,Sfrp1
Wnt2,Sfrp1
Ccl21a,Grm6
Ccl21a,Gabbr2
Ccl21b,S1pr2
Gm13304,S1pr2
LOC100041504,S1pr2
Gm21541,S1pr2
LOC100041593,S1pr2
Gm10591,S1pr2
Ccl21c,S1pr2
Gm1987,S1pr2
Ccl21a,S1pr2
Ccl21a,S1pr4
Ccl21a,Chrm4
Ccl21b,Adra2a
Gm13304,Adra2a
LOC100041504,Adra2a
Gm21541,Adra2a
LOC100041593,Adra2a
Gm10591,Adra2a
Ccl21c,Adra2a
Gm1987,Adra2a
Ccl21a,Adra2a
Ccl21b,Drd2
Gm13304,Drd2
LOC100041504,Drd2
Gm21541,Drd2
LOC100041593,Drd2
Gm10591,Drd2
Ccl21c,Drd2
Gm1987,Drd2
Ccl21a,Drd2
Ccl21a,Adra2b
Ccl21a,Adra2c
Ccl21a,S1pr1
Ccl21b,Cnr1
Gm13304,Cnr1
LOC100041504,Cnr1
Gm21541,Cnr1
LOC100041593,Cnr1
Gm10591,Cnr1
Ccl21c,Cnr1
Gm1987,Cnr1
Ccl21a,Cnr1
Ccl21a,Drd4
Ccl21a,Adora1
Ccl21a,Cnr2
Ccl21a,Drd3
Ccl21b,Casr
Gm13304,Casr
LOC100041504,Casr
Gm21541,Casr
LOC100041593,Casr
Gm10591,Casr
Ccl21c,Casr
Gm1987,Casr
Ccl21a,Casr
Ccl21a,Ptger3
Ccl21a,P2ry4
Ccl21a,Tas2r139
Ccl21a,Tas2r144
Ccl21a,Tas2r126
Ccl21a,Tas2r136
Ccl21a,Tas2r120
Ccl21a,Tas2r135
Ccl21b,Gpr17
Gm13304,Gpr17
LOC100041504,Gpr17
Gm21541,Gpr17
LOC100041593,Gpr17
Gm10591,Gpr17
Ccl21c,Gpr17
Gm1987,Gpr17
Ccl21a,Gpr17
Ccl21a,Gpr18
Ccl21a,Grm2
Ccl21b,Grm7
Gm13304,Grm7
LOC100041504,Grm7
Gm21541,Grm7
LOC100041593,Grm7
Gm10591,Grm7
Ccl21c,Grm7
Gm1987,Grm7
Ccl21a,Grm7
Ccl21a,Grm3
Ccl21b,Oxgr1
Gm13304,Oxgr1
LOC100041504,Oxgr1
Gm21541,Oxgr1
LOC100041593,Oxgr1
Gm10591,Oxgr1
Ccl21c,Oxgr1
Gm1987,Oxgr1
Ccl21a,Oxgr1
Ccl21b,S1pr3
Gm13304,S1pr3
LOC100041504,S1pr3
Gm21541,S1pr3
LOC100041593,S1pr3
Gm10591,S1pr3
Ccl21c,S1pr3
Gm1987,S1pr3
Ccl21a,S1pr3
Ccl21b,Gper1
Gm13304,Gper1
LOC100041504,Gper1
Gm21541,Gper1
LOC100041593,Gper1
Gm10591,Gper1
Ccl21c,Gper1
Gm1987,Gper1
Ccl21a,Gper1
Ccl21a,P2ry13
Ccl21a,Sucnr1
Ccl21a,Lpar5
Ccl21a,S1pr5
Ccl21b,P2ry12
Gm13304,P2ry12
LOC100041504,P2ry12
Gm21541,P2ry12
LOC100041593,P2ry12
Gm10591,P2ry12
Ccl21c,P2ry12
Gm1987,P2ry12
Ccl21a,P2ry12
Ccl21a,Tas2r118
Ccl21a,Tas2r140
Ccl21a,Tas2r114
Ccl21a,Tas2r130
Ccl21a,Tas2r108
Ccl21a,Tas2r137
Ccl21a,Tas2r119
Ccl21b,Gabbr1
Gm13304,Gabbr1
LOC100041504,Gabbr1
Gm21541,Gabbr1
LOC100041593,Gabbr1
Gm10591,Gabbr1
Ccl21c,Gabbr1
Gm1987,Gabbr1
Ccl21a,Gabbr1
Ccl21b,Lpar3
Gm13304,Lpar3
LOC100041504,Lpar3
Gm21541,Lpar3
LOC100041593,Lpar3
Gm10591,Lpar3
Ccl21c,Lpar3
Gm1987,Lpar3
Ccl21a,Lpar3
Ccl21a,Gpr55
Lefty1,Acvr1c
F2,Chrm5
F2,Chrm1
F2,Chrm3
F2,Tbxa2r
F2,Adra1d
F2,Ptafr
F2,Ptger1
F2,Adra1a
F2,Adra1b
F2,Casr
F2,P2ry2
F2,Grm5
F2,Ptgfr
F2,Lpar6
F2,Gpr4
F2,P2ry1
F2,Grm1
F2,Gpr17
F2,P2ry6
F2,Ltb4r1
F2,Gpr68
F2,Gprc6a
F2,Gpr65
F2,Lpar5
F2,Ltb4r2
F2,Cysltr2
F2,Lpar3
F2,Opn4
F2,Gpr132
F2,Cysltr1
Agt,Chrm4
Agt,Chrm5
Agt,Adra2a
Agt,Chrm1
Agt,Drd2
Agt,Adra2b
Agt,Adra2c
Agt,Chrm3
Agt,S1pr1
Agt,Cnr1
Agt,Tbxa2r
Agt,Drd4
Agt,Adra1d
Agt,Ptafr
Agt,Adora1
Agt,Cnr2
Agt,Ptger1
Agt,Adra1a
Agt,Adra1b
Agt,Drd3
Agt,P2ry2
Agt,Grm5
Agt,Ptgfr
Agt,Ptger3
Agt,Lpar6
Agt,Gpr4
Agt,P2ry1
Agt,P2ry4
Agt,Tas2r139
Agt,Tas2r144
Agt,Tas2r126
Agt,Tas2r136
Agt,Tas2r120
Agt,Tas2r135
Agt,Grm1
Agt,Gpr17
Agt,Gpr18
Agt,Grm2
Agt,Grm7
Agt,Grm3
Agt,P2ry6
Agt,Ltb4r1
Agt,Gpr68
Agt,Gprc6a
Agt,Gpr65
Agt,Oxgr1
Agt,S1pr3
Agt,Gper1
Agt,P2ry13
Agt,Sucnr1
Agt,Lpar5
Agt,S1pr5
Agt,P2ry12
Agt,Ltb4r2
Agt,Cysltr2
Agt,Tas2r118
Agt,Tas2r140
Agt,Tas2r114
Agt,Tas2r130
Agt,Tas2r108
Agt,Tas2r137
Agt,Tas2r119
Agt,Gabbr1
Agt,Lpar3
Agt,Opn4
Agt,Gpr132
Agt,Cysltr1
Agt,Gpr55
Gnrh1,Chrm5
Gnrh1,Chrm1
Gnrh1,Chrm3
Gnrh1,Tbxa2r
Gnrh1,Adra1d
Gnrh1,Ptafr
Gnrh1,Ptger1
Gnrh1,Adra1a
Gnrh1,Adra1b
Gnrh1,Casr
Gnrh1,P2ry2
Gnrh1,Grm5
Gnrh1,Ptgfr
Gnrh1,Lpar6
Gnrh1,Gpr4
Gnrh1,P2ry1
Gnrh1,Grm1
Gnrh1,Gpr17
Gnrh1,P2ry6
Gnrh1,Ltb4r1
Gnrh1,Gpr68
Gnrh1,Gprc6a
Gnrh1,Gpr65
Gnrh1,Lpar5
Gnrh1,Ltb4r2
Gnrh1,Cysltr2
Gnrh1,Lpar3
Gnrh1,Opn4
Gnrh1,Gpr132
Gnrh1,Cysltr1
Pomc,Adrb2
Pomc,Chrm4
Pomc,Adrb1
Pomc,Adra2a
Pomc,Adrb3
Pomc,Drd2
Pomc,Adra2b
Pomc,Adra2c
Pomc,Gnat2
Pomc,S1pr1
Pomc,Cnr1
Pomc,Drd4
Pomc,Drd5
Pomc,Adora2a
Pomc,Adora2b
Pomc,Adora1
Pomc,Cnr2
Pomc,Ptger4
Pomc,Drd3
Pomc,Casr
Pomc,Ptger3
Pomc,Ptger2
Pomc,Ptgir
Pomc,Gpr15
Pomc,P2ry4
Pomc,Tas2r139
Pomc,Tas2r144
Pomc,Tas2r126
Pomc,Tas2r136
Pomc,Tas2r120
Pomc,Tas2r135
Pomc,Ptgdr
Pomc,Gpr17
Pomc,Gpr18
Pomc,Grm2
Pomc,Gpr176
Pomc,Grm7
Pomc,Grm3
Pomc,Gpr150
Pomc,Gpbar1
Pomc,Oxgr1
Pomc,Taar1
Pomc,S1pr3
Pomc,Gper1
Pomc,Gpr20
Pomc,P2ry13
Pomc,Sucnr1
Pomc,Lpar5
Pomc,S1pr5
Pomc,P2ry12
Pomc,Gpr84
Pomc,Gpr27
Pomc,Gpr83
Pomc,Tas2r118
Pomc,Tas2r140
Pomc,Tas2r114
Pomc,Tas2r130
Pomc,Tas2r108
Pomc,Tas2r137
Pomc,Tas2r119
Pomc,Gabbr1
Pomc,Lpar3
Pomc,Gpr55
Pomc,Gpr45
Cga,Adrb2
Cga,Adrb1
Cga,Adrb3
Cga,Drd5
Cga,Adora2a
Cga,Adora2b
Cga,Ptger4
Cga,Ptger2
Cga,Ptgir
Cga,Gpr15
Cga,Ptgdr
Cga,Gpr176
Cga,Gpr150
Cga,Gpbar1
Cga,Taar1
Cga,Gpr20
Cga,Gpr84
Cga,Gpr27
Cga,Gpr83
Cga,Gpr45
Fshb,Adrb2
Fshb,Adrb1
Fshb,Adrb3
Fshb,Drd5
Fshb,Adora2a
Fshb,Adora2b
Fshb,Ptger4
Fshb,Ptger2
Fshb,Ptgir
Fshb,Gpr15
Fshb,Ptgdr
Fshb,Gpr176
Fshb,Gpr150
Fshb,Gpbar1
Fshb,Taar1
Fshb,Gpr20
Fshb,Gpr84
Fshb,Gpr27
Fshb,Gpr83
Fshb,Gpr45
Ifng,Ptpn6
Apoa1,Cd36
Cxcl10,Chrm4
Cxcl10,Adra2a
Cxcl10,Drd2
Cxcl10,Adra2b
Cxcl10,Adra2c
Cxcl10,S1pr1
Cxcl10,Cnr1
Cxcl10,Drd4
Cxcl10,Adora1
Cxcl10,Cnr2
Cxcl10,Drd3
Cxcl10,Casr
Cxcl10,Ptger3
Cxcl10,P2ry4
Cxcl10,Tas2r139
Cxcl10,Tas2r144
Cxcl10,Tas2r126
Cxcl10,Tas2r136
Cxcl10,Tas2r120
Cxcl10,Tas2r135
Cxcl10,Gpr17
Cxcl10,Gpr18
Cxcl10,Grm2
Cxcl10,Grm7
Cxcl10,Grm3
Cxcl10,Oxgr1
Cxcl10,S1pr3
Cxcl10,Gper1
Cxcl10,P2ry13
Cxcl10,Sucnr1
Cxcl10,Lpar5
Cxcl10,S1pr5
Cxcl10,P2ry12
Cxcl10,Tas2r118
Cxcl10,Tas2r140
Cxcl10,Tas2r114
Cxcl10,Tas2r130
Cxcl10,Tas2r108
Cxcl10,Tas2r137
Cxcl10,Tas2r119
Cxcl10,Gabbr1
Cxcl10,Lpar3
Cxcl10,Gpr55
Wnt1,Frzb
Edn1,Chrm5
Edn1,Chrm1
Edn1,Chrm3
Edn1,Tbxa2r
Edn1,Adra1d
Edn1,Ptafr
Edn1,Ptger1
Edn1,Adra1a
Edn1,Adra1b
Edn1,Casr
Edn1,P2ry2
Edn1,Grm5
Edn1,Ptgfr
Edn1,Lpar6
Edn1,Gpr4
Edn1,P2ry1
Edn1,Grm1
Edn1,Gpr17
Edn1,P2ry6
Edn1,Ltb4r1
Edn1,Gpr68
Edn1,Gprc6a
Edn1,Gpr65
Edn1,Lpar5
Edn1,Ltb4r2
Edn1,Cysltr2
Edn1,Lpar3
Edn1,Opn4
Edn1,Gpr132
Edn1,Cysltr1
Pthlh,Adrb3
Pthlh,Drd5
Pthlh,Adora2a
Pthlh,Adora2b
Pthlh,Ptger4
Pthlh,Ptger2
Pthlh,Ptgir
Pthlh,Gpr15
Pthlh,Ptgdr
Pthlh,Gpr176
Pthlh,Gpr150
Pthlh,Gpbar1
Pthlh,Taar1
Pthlh,Gpr20
Pthlh,Gpr84
Pthlh,Gpr27
Pthlh,Gpr83
Pthlh,Gpr45
Vegfa,Ptk2b
Lgals3,Tgfbr2
Lgals3,Lpar1
Lgals3,P2ry12
Lgals3,Gpr35
Lgals3,Gpr55
Adcyap1,Drd5
Adcyap1,Adora2a
Adcyap1,Adora2b
Adcyap1,Ptger4
Adcyap1,Ptger2
Adcyap1,Ptgir
Adcyap1,Gpr15
Adcyap1,Ptgdr
Adcyap1,Gpr176
Adcyap1,Gpr150
Adcyap1,Gpbar1
Adcyap1,Taar1
Adcyap1,Gpr20
Adcyap1,Gpr84
Adcyap1,Gpr27
Adcyap1,Gpr83
Adcyap1,Gpr45
Trh,Tbxa2r
Trh,Adra1d
Trh,Ptafr
Trh,Ptger1
Trh,Adra1a
Trh,Adra1b
Trh,Casr
Trh,P2ry2
Trh,Grm5
Trh,Ptgfr
Trh,Lpar6
Trh,Gpr4
Trh,P2ry1
Trh,Grm1
Trh,Gpr17
Trh,P2ry6
Trh,Ltb4r1
Trh,Gpr68
Trh,Gprc6a
Trh,Gpr65
Trh,Lpar5
Trh,Ltb4r2
Trh,Cysltr2
Trh,Lpar3
Trh,Opn4
Trh,Gpr132
Trh,Cysltr1
Gal,Adora1
Gal,Cnr2
Gal,Drd3
Gal,Casr
Gal,Ptger3
Gal,P2ry4
Gal,Tas2r139
Gal,Tas2r144
Gal,Tas2r126
Gal,Tas2r136
Gal,Tas2r120
Gal,Tas2r135
Gal,Gpr17
Gal,Gpr18
Gal,Grm2
Gal,Grm7
Gal,Grm3
Gal,Oxgr1
Gal,S1pr3
Gal,Gper1
Gal,P2ry13
Gal,Sucnr1
Gal,Lpar5
Gal,S1pr5
Gal,P2ry12
Gal,Tas2r118
Gal,Tas2r140
Gal,Tas2r114
Gal,Tas2r130
Gal,Tas2r108
Gal,Tas2r137
Gal,Tas2r119
Gal,Gabbr1
Gal,Lpar3
Gal,Gpr55
Gdf1,Acvr2b
Gdf1,Acvr1c
Adm,Ptger4
Adm,Ptger2
Adm,Ptgir
Adm,Gpr15
Adm,Ptgdr
Adm,Gpr176
Adm,Gpr150
Adm,Gpbar1
Adm,Taar1
Adm,Gpr20
Adm,Gpr84
Adm,Gpr27
Adm,Gpr83
Adm,Gpr45
Wnt5a,Dab2
Wnt5a,Sfrp1
Wnt5a,Frzb
Cxcl12,P2ry4
Cxcl12,Tas2r139
Cxcl12,Tas2r144
Cxcl12,Tas2r126
Cxcl12,Tas2r136
Cxcl12,Tas2r120
Cxcl12,Tas2r135
Cxcl12,Gpr18
Cxcl12,Grm2
Cxcl12,Grm7
Cxcl12,Grm3
Cxcl12,Oxgr1
Cxcl12,S1pr3
Cxcl12,Gper1
Cxcl12,P2ry13
Cxcl12,Sucnr1
Cxcl12,Lpar5
Cxcl12,S1pr5
Cxcl12,P2ry12
Cxcl12,Tas2r118
Cxcl12,Tas2r140
Cxcl12,Tas2r114
Cxcl12,Tas2r130
Cxcl12,Tas2r108
Cxcl12,Tas2r137
Cxcl12,Tas2r119
Cxcl12,Gabbr1
Cxcl12,Lpar3
Cxcl12,Gpr55
Wnt3,Ptpro
Wnt3,Sfrp4
Wnt3,Sfrp1
Wnt3,Frzb
Wnt3a,Ptpro
Wnt3a,Sfrp4
Wnt3a,Sfrp1
Wnt3a,Frzb
Cxcl5,Gpr17
Cxcl5,Grm7
Cxcl5,Oxgr1
Cxcl5,S1pr3
Cxcl5,Gper1
Cxcl5,P2ry12
Cxcl5,Gabbr1
Cxcl5,Lpar3
Ghrl,Lpar3
Ghrl,Opn4
Wnt3,Dlg1
Apoa1,Ryr1
Aimp1,Lrp5
Apoa1,Ryr2
Cxcl12,Esr1
Igf1,Esr1
Fgf8,Ar
Wnt8a,Frzb
Fbn1,Itgb3
Sfrp2,Bmpr1a
Ghrl,Tbxa2r
Nampt,Adora2a
Ccl21a,Grm8
Agt,Grm8
Pomc,Grm8
Cxcl10,Grm8
Gal,Grm8
Cxcl12,Grm8
F2,P2ry10
Agt,P2ry10
Gnrh1,P2ry10
Edn1,P2ry10
Trh,P2ry10
F2,Ffar1
Agt,Ffar1
Gnrh1,Ffar1
Edn1,Ffar1
Trh,Ffar1
Ghrl,Ffar1
F2,Ffar3
Agt,Ffar3
Gnrh1,Ffar3
Edn1,Ffar3
Trh,Ffar3
Agt,Grm6
Pomc,Grm6
Cxcl10,Grm6
Gal,Grm6
Cxcl12,Grm6
F2,Ffar2
Agt,Ffar2
Gnrh1,Ffar2
Edn1,Ffar2
Trh,Ffar2
Wnt8b,Lrp5
Agt,Gabbr2
Pomc,Gabbr2
Cxcl10,Gabbr2
Gal,Gabbr2
Cxcl12,Gabbr2
Agt,S1pr2
Pomc,S1pr2
Cxcl10,S1pr2
Gal,S1pr2
Cxcl12,S1pr2
Cxcl5,S1pr2
Agt,S1pr4
Pomc,S1pr4
Cxcl10,S1pr4
Gal,S1pr4
Cxcl12,S1pr4
Pthlh,Adrb2
Adcyap1,Adrb2
Adm,Adrb2
Wnt5a,Adrb2
Gal,Chrm4
Cxcl12,Chrm4
Pthlh,Adrb1
Adcyap1,Adrb1
Adm,Adrb1
Trh,Chrm5
Gal,Adra2a
Cxcl12,Adra2a
Cxcl5,Adra2a
Trh,Chrm1
Adm,Adrb3
Gal,Drd2
Cxcl12,Drd2
Cxcl5,Drd2
Gal,Adra2b
Cxcl12,Adra2b
Gal,Adra2c
Cxcl12,Adra2c
Trh,Chrm3
Ghrl,Chrm3
Gal,S1pr1
Cxcl12,S1pr1
Gal,Cnr1
Cxcl12,Cnr1
Cxcl5,Cnr1
Gal,Drd4
Cxcl12,Drd4
Adm,Drd5
Gdf1,Acvr2a
Adm,Adora2a
Adm,Adora2b
Cxcl12,Adora1
Cxcl12,Cnr2
Cxcl12,Drd3
Cxcl12,Casr
Cxcl5,Casr
Ghrl,Casr
Ghrl,Grm5
Ghrl,Ptgfr
Cxcl12,Ptger3
Ghrl,Lpar6
Ghrl,Gpr17
Wnt8b,Fzd2
Wnt8a,Fzd2
Wnt8b,Sfrp1
Wnt8a,Sfrp1
Tnf,Celsr2
Fbn1,Itgb1
Sfrp2,Cdh1
Ret,Gfra1
Ret,Ntrk1
Itgb1,Ptk2b
Pkd1,Pkd2l1
Plxnb2,Ntrk1
Plxnb2,Ptch1
Itgb1,Dab2
Ret,Ngfr
Ret,Epha2
Ret,Gfra4
Ret,Notch3
Pkd1,Ddr1
Celsr1,Fzd1
Ret,Egfr
Robo2,Itpr3
Cdh13,Mtnr1b
Ret,Gfra2
Ret,Gfra3
Celsr1,Esr1
Pkd1,Rho
Cdh1,Pkd1
Col2a1,Cd44
Col2a1,Sdc1
Ace,Agtr2
Ace,Bdkrb2
Actr2,Adrb2
Apob,Adrb2
Apod,Lepr
App,Grm7
Ccl2,Ccr9
Cd36,Tlr4
Cdh1,Erbb3
Cdh1,Lrp5
Cfc1,Acvr2a
Col1a1,Tmprss6
Col1a2,Cd36
Col1a2,Itga1
Col1a2,Itgb3
Col3a1,Ddr1
Col5a2,Itgb1
Col6a1,Itga1
Col6a1,Itgb1
Dhh,Boc
Dhh,Cdon
Efnb2,Grm1
Efnb2,Grm5
Fst,Bmpr2
Gdf11,Bmpr1a
Gdf11,Bmpr2
Gdnf,Ednrb
Gnai2,Adora1
Gnai2,Adra2a
Gnai2,Agtr2
Gnai2,Ccr5
Gnai2,Chrm1
Gnai2,Cxcr1
Gnai2,Cxcr2
Gnai2,Cxcr3
Gnai2,Ednra
Gnai2,Ednrb
Gnai2,Egfr
Gnai2,F2r
Gnai2,Fpr1
Gnai2,Lpar3
Gnai2,Mtnr1a
Gnai2,Oprm1
Gnai2,P2ry12
Gnai2,Ptpru
Gnai2,S1pr1
Gnai2,S1pr3
Gnai2,S1pr4
Gnai2,S1pr5
Gnai2,Tbxa2r
Gnai2,Tshr
Gnas,Adora1
Gnas,Adrb3
Gnas,Avpr2
Gnas,Crhr1
Gnas,Glp1r
Gnas,Ptgir
Gnas,Tshr
Gnas,Vipr1
Igf1,Igf2r
Ihh,Boc
Lama2,Itga1
Lama5,Itgb1
Lama5,Sdc1
Matn1,Itga1
Matn1,Itgb1
Npw,Adra2a
Npw,Grm7
Nrg3,Erbb2
Psen1,Cd44
Ptgs2,Cav1
Rgma,Bmpr2
Rgmb,Bmpr2
Rims2,Abca1
Rtn4,Gjb2
Spp1,S1pr1
Ubc,Adrb2
Ubc,Erbb2
Ubc,Tgfbr1
Ubc,Tgfbr2
Ubc,Tlr4
Vcan,Itgb1
Vegfa,Egfr
Vegfa,Itgb1
Vegfa,Ret
